1;hh_human_body_h_spk_hd_1_7_0
2;hh_human_body_h_sig_lh_1_3_0
3;hh_human_body_h_spk_hd_1_7_1
4;hh_human_body_h_std_hd_3_1_0
5;hh_human_body_h_std_lh_1_3_0
6;hh_human_body_h_respect_lh_1_0_0
7;hh_human_body_h_crr_rh_1_7_0
8;hh_human_body_h_respect_lh_1_0_1
9;hh_human_body_h_wlk_rh_1_1_0
10;hh_human_body_h_wlk_rh_1_1_3
11;hh_human_body_h_std_hd_2_3_0
12;hh_human_body_h_wlk_rh_1_1_2
13;hh_human_body_h_wlk_rh_1_1_1
14;hh_human_body_h_wlk_lh_1_2_2
15;hh_human_body_h_wlk_lh_1_2_3
16;hh_human_body_h_wlk_lh_1_2_0
17;hh_human_body_h_wlk_lh_1_2_1
18;hh_human_body_h_lsp_hd_3_2_0
19;hh_human_body_h_drk_rh_1_7_0
20;hh_human_body_h_blw_rh_1_5_0
21;hh_human_body_h_lsp_hd_3_2_1
22;hh_human_body_h_blw_rh_1_5_1
23;hh_human_body_h_std_rh_1_3_0
24;hh_human_body_h_spk_hd_3_2_1
25;hh_human_body_h_spk_hd_3_2_0
26;hh_human_body_h_spk_hd_4_0_0
27;hh_human_body_h_crr_lh_1_0_0
28;hh_human_body_h_wav_lh_1_4_0
29;hh_human_body_h_wav_lh_1_4_1
30;hh_human_body_h_lay_hd_3_2_0
31;hh_human_body_h_spk_hd_4_0_1
32;hh_human_body_h_std_hd_4_7_0
33;hh_human_body_h_sit_bd_1_0_0
34;hh_human_body_h_sig_lh_1_4_0
35;hh_human_body_h_crr_rh_1_0_0
36;hh_human_body_h_std_hd_3_2_0
37;hh_human_body_h_respect_lh_1_1_0
38;hh_human_body_h_respect_lh_1_1_1
39;hh_human_body_h_wlk_rh_1_2_3
40;hh_human_body_h_wlk_rh_1_2_2
41;hh_human_body_h_wlk_rh_1_2_1
42;hh_human_body_h_wlk_rh_1_2_0
43;hh_human_body_h_wlk_lh_1_3_1
44;hh_human_body_h_wlk_lh_1_3_2
45;hh_human_body_h_wlk_lh_1_3_3
46;hh_human_body_h_blw_rh_1_4_0
47;hh_human_body_h_wlk_lh_1_3_0
48;hh_human_body_h_blw_rh_1_4_1
49;hh_human_body_h_std_bd_1_7_0
50;hh_human_body_h_crr_lh_1_1_0
51;hh_human_body_h_std_rh_1_2_0
52;hh_human_body_h_spk_hd_3_3_1
53;hh_human_body_h_spk_hd_3_3_0
54;hh_human_body_h_wlk_bd_1_3_2
55;hh_human_body_h_wlk_bd_1_3_1
56;hh_human_body_h_wlk_bd_1_3_0
57;hh_human_body_h_std_hd_4_0_0
58;hh_human_body_h_wav_lh_1_5_0
59;hh_human_body_h_wav_lh_1_5_1
60;hh_human_body_h_spk_hd_4_1_1
61;hh_human_body_h_spk_hd_4_1_0
62;hh_human_body_h_wlk_bd_1_3_3
63;hh_human_body_h_drk_rh_1_0_0
64;hh_human_body_h_std_hd_3_7_0
65;hh_human_body_h_sig_lh_1_1_0
66;hh_human_body_h_std_lh_1_1_0
67;hh_human_body_h_crr_rh_1_1_0
68;hh_human_body_h_spk_hd_1_1_1
69;hh_human_body_h_spk_hd_1_1_0
70;hh_human_body_h_respect_lh_1_6_0
71;hh_human_body_h_respect_lh_1_6_1
72;hh_human_body_h_spk_hd_2_7_1
73;hh_human_body_h_spk_hd_2_7_0
74;hh_human_body_h_std_hd_2_1_0
75;hh_human_body_h_wlk_rh_1_7_2
76;hh_human_body_h_wlk_rh_1_7_1
77;hh_human_body_h_wlk_rh_1_7_0
78;hh_human_body_h_blw_rh_1_3_0
79;hh_human_body_h_std_bd_1_0_0
80;hh_human_body_h_blw_rh_1_3_1
81;hh_human_body_h_wlk_rh_1_7_3
82;hh_human_body_h_drk_rh_1_5_0
83;hh_human_body_h_lay_hd_4_2_0
84;hh_human_body_h_wav_lh_1_2_0
85;hh_human_body_h_wav_lh_1_2_1
86;hh_human_body_h_spk_hd_4_2_0
87;hh_human_body_h_spk_hd_4_2_1
88;hh_human_body_h_lsp_hd_1_2_1
89;hh_human_body_h_sig_lh_1_2_0
90;hh_human_body_h_sit_bd_1_2_0
91;hh_human_body_h_lsp_hd_1_2_0
92;hh_human_body_h_std_lh_1_2_0
93;hh_human_body_h_respect_lh_1_7_1
94;hh_human_body_h_std_hd_3_0_0
95;hh_human_body_h_crr_rh_1_2_0
96;hh_human_body_h_spk_hd_1_0_1
97;hh_human_body_h_spk_hd_1_0_0
98;hh_human_body_h_respect_lh_1_7_0
99;hh_human_body_h_wlk_rh_1_0_1
100;hh_human_body_h_wlk_rh_1_0_0
101;hh_human_body_h_std_hd_2_2_0
102;hh_human_body_h_wlk_rh_1_0_3
103;hh_human_body_h_wlk_rh_1_0_2
104;hh_human_body_h_blw_rh_1_2_1
105;hh_human_body_h_std_bd_1_1_0
106;hh_human_body_h_blw_rh_1_2_0
107;hh_human_body_h_drk_rh_1_6_0
108;hh_human_body_h_std_hd_1_3_0
109;hh_human_body_h_crr_lh_1_7_0
110;hh_human_body_h_std_bd_999_7_0
111;hh_human_body_h_wav_lh_1_3_0
112;hh_human_body_h_wav_lh_1_3_1
113;hh_human_body_h_spk_hd_4_3_1
114;hh_human_body_h_spk_hd_4_3_0
115;hh_human_body_h_spk_hd_1_3_1
116;hh_human_body_h_sig_lh_1_7_0
117;hh_human_body_h_spk_hd_1_3_0
118;hh_human_body_h_respect_lh_1_4_0
119;hh_human_body_h_crr_rh_1_3_0
120;hh_human_body_h_respect_lh_1_4_1
121;hh_human_body_h_std_lh_1_7_0
122;hh_human_body_h_sit_rh_1_2_0
123;hh_human_body_h_std_hd_2_7_0
124;hh_human_body_h_blw_rh_1_0_0
125;hh_human_body_h_spk_hd_2_1_1
126;hh_human_body_h_spk_hd_2_1_0
127;hh_human_body_h_drk_rh_1_3_0
128;hh_human_body_h_blw_rh_1_1_0
129;hh_human_body_h_std_bd_1_2_0
130;hh_human_body_h_blw_rh_1_1_1
131;hh_human_body_h_sit_lh_1_2_0
132;hh_human_body_h_std_hd_1_2_0
133;hh_human_body_h_std_rh_1_7_0
134;hh_human_body_h_wlk_bd_1_0_3
135;hh_human_body_h_wlk_bd_1_0_2
136;hh_human_body_h_std_hd_4_3_0
137;hh_human_body_h_wlk_bd_1_0_1
138;hh_human_body_h_wlk_bd_1_0_0
139;hh_human_body_h_wav_lh_1_0_0
140;hh_human_body_h_wav_lh_1_0_1
141;hh_human_body_h_std_bd_999_0_0
142;hh_human_body_h_sig_lh_1_0_0
143;hh_human_body_h_lay_hd_2_2_0
144;hh_human_body_h_crr_rh_1_4_0
145;hh_human_body_h_spk_hd_1_2_1
146;hh_human_body_h_spk_hd_1_2_0
147;hh_human_body_h_respect_lh_1_5_0
148;hh_human_body_h_respect_lh_1_5_1
149;hh_human_body_h_lay_bd_1_2_0
150;hh_human_body_h_std_lh_1_0_0
151;hh_human_body_h_lsp_hd_2_2_1
152;hh_human_body_h_lsp_hd_2_2_0
153;hh_human_body_h_wlk_lh_1_7_1
154;hh_human_body_h_wlk_lh_1_7_2
155;hh_human_body_h_std_hd_2_0_0
156;hh_human_body_h_wlk_lh_1_7_3
157;hh_human_body_h_spk_hd_2_0_0
158;hh_human_body_h_wlk_lh_1_7_0
159;hh_human_body_h_spk_hd_2_0_1
160;hh_human_body_h_blw_rh_1_0_1
161;hh_human_body_h_drk_rh_1_4_0
162;hh_human_body_h_sit_sd_1_0_0
163;hh_human_body_h_spk_hd_3_7_1
164;hh_human_body_h_spk_hd_3_7_0
165;hh_human_body_h_std_hd_1_1_0
166;hh_human_body_h_std_bd_1_3_0
167;hh_human_body_h_wlk_bd_1_7_0
168;hh_human_body_h_wlk_bd_1_7_1
169;hh_human_body_h_wlk_bd_1_7_2
170;hh_human_body_h_wlk_bd_1_7_3
65;hh_human_body_h_wav_lh_1_1_0
171;hh_human_body_h_wav_lh_1_1_1
172;hh_human_body_h_std_bd_999_1_0
173;hh_human_body_h_sig_lh_1_5_0
174;hh_human_body_h_std_hd_3_3_0
175;hh_human_body_h_sit_rh_1_0_0
176;hh_human_body_h_crr_rh_1_5_0
177;hh_human_body_h_spk_hd_2_3_1
178;hh_human_body_h_spk_hd_2_3_0
179;hh_human_body_h_respect_lh_1_2_0
180;hh_human_body_h_respect_lh_1_2_1
181;hh_human_body_h_wlk_rh_1_3_2
182;hh_human_body_h_wlk_rh_1_3_1
183;hh_human_body_h_wlk_rh_1_3_0
184;hh_human_body_h_wlk_rh_1_3_3
185;hh_human_body_h_drk_rh_1_1_0
186;hh_human_body_h_wlk_lh_1_0_0
187;hh_human_body_h_spk_hd_3_0_1
188;hh_human_body_h_wlk_lh_1_0_1
189;hh_human_body_h_spk_hd_3_0_0
190;hh_human_body_h_wlk_lh_1_0_2
191;hh_human_body_h_wlk_lh_1_0_3
19;hh_human_body_h_blw_rh_1_7_0
19;hh_human_body_h_blw_rh_1_7_1
192;hh_human_body_h_sit_lh_1_0_0
193;hh_human_body_h_std_rh_1_1_0
194;hh_human_body_h_crr_lh_1_2_0
195;hh_human_body_h_wlk_bd_1_2_3
196;hh_human_body_h_wlk_bd_1_2_2
197;hh_human_body_h_wlk_bd_1_2_1
198;hh_human_body_h_wlk_bd_1_2_0
199;hh_human_body_h_std_hd_1_0_0
200;hh_human_body_h_std_hd_4_1_0
201;hh_human_body_h_lay_rh_1_2_0
202;hh_human_body_h_lsp_hd_4_2_1
203;hh_human_body_h_lsp_hd_4_2_0
204;hh_human_body_h_lay_lh_1_2_0
205;hh_human_body_h_wav_lh_1_6_0
206;hh_human_body_h_wav_lh_1_6_1
207;hh_human_body_h_std_bd_999_2_0
208;hh_human_body_h_sig_lh_1_6_0
209;hh_human_body_h_std_sd_1_0_0
210;hh_human_body_h_respect_lh_1_3_1
211;hh_human_body_h_crr_rh_1_6_0
212;hh_human_body_h_spk_hd_2_2_1
213;hh_human_body_h_respect_lh_1_3_0
214;hh_human_body_manifest
215;hh_human_body_h_wlk_lh_1_1_3
216;hh_human_body_h_lay_hd_1_2_0
217;hh_human_body_h_spk_hd_2_2_0
218;hh_human_body_h_spk_hd_3_1_0
219;hh_human_body_h_drk_rh_1_2_0
220;hh_human_body_h_wlk_lh_1_1_0
221;hh_human_body_h_wlk_lh_1_1_1
222;hh_human_body_h_wlk_lh_1_1_2
223;hh_human_body_h_blw_rh_1_6_1
224;hh_human_body_h_sit_sd_1_2_0
107;hh_human_body_h_blw_rh_1_6_0
225;hh_human_body_h_crr_lh_1_3_0
226;hh_human_body_h_std_rh_1_0_0
227;hh_human_body_h_std_hd_1_7_0
228;hh_human_body_h_spk_hd_3_1_1
229;hh_human_body_h_wlk_bd_1_1_3
230;hh_human_body_h_wlk_bd_1_1_2
231;hh_human_body_h_std_hd_4_2_0
232;hh_human_body_h_wlk_bd_1_1_1
233;hh_human_body_h_wlk_bd_1_1_0
163;hh_human_body_h_spk_hd_4_7_1
234;hh_human_body_h_spk_hd_4_7_0
235;hh_human_body_h_std_bd_999_3_0
236;hh_human_body_h_wav_lh_1_7_0
237;hh_human_body_h_wav_lh_1_7_1
0;hh_human_body
